Title,Author,Date,URL,Link,Sources,Topics,Type,GapText
Hidden holes: Deductions and sanctions for people on Universal Credit,Policy in Practice,2025,"<button type='button' class='btn btn-quarto' onclick='window.open(""https://policyinpractice.co.uk/wp-content/uploads/2025/04/Hidden-holes_-Deductions-and-sanctions-for-people-on-Universal-Credit-report-April-2025.pdf"", ""_blank"")'>View Report</button>",<button type='button' class='btn' id='r-1'>Related Gaps</button>,Universal Credit Data Share,Economic Resources & Living Standards; Geographic Scope; Analysis & Insights; Economic Resources & Living Standards; Analysis & Insights,Data sharing,<strong>Local authorities do not receive comprehensive data on UC claimants</strong><p><b>Type of Data Gap: </b>Data sharing<br><b>Sources: </b>Universal Credit Data Share <br><b>Topics: </b>Economic Resources & Living Standards; Geographic Scope; Analysis & Insights</p><br><strong>UC data does not record reasons for deductions</strong><p><b>Type of Data Gap: </b>Data sharing<br><b>Sources: </b>Universal Credit Data Share <br><b>Topics: </b>Economic Resources & Living Standards; Analysis & Insights</p>
The homes that children deserve,IPPR,2025,"<button type='button' class='btn btn-quarto' onclick='window.open(""https://www.ippr.org/articles/homes-children-deserve"", ""_blank"")'>View Report</button>",<button type='button' class='btn' id='r-2'>Related Gaps</button>,Other,Economic Resources & Living Standards; Essential Services & Living Conditions; Geographic Scope,Sufficiency; Data quality,"<strong>LHA surveys non-compulsory, may misrepresent costs</strong><p><b>Type of Data Gap: </b>Sufficiency; Data quality<br><b>Sources: </b>Other <br><b>Topics: </b>Economic Resources & Living Standards; Essential Services & Living Conditions; Geographic Scope</p>"
Achieving the 2030 child poverty target: The distance left to travel,IPPR Scotland,2025,"<button type='button' class='btn btn-quarto' onclick='window.open(""https://ippr-org.files.svdcdn.com/production/Downloads/Achieving_2030_child_poverty_target_March25.pdf"", ""_blank"")'>View Report</button>",<button type='button' class='btn' id='r-3'>Related Gaps</button>,FRS / HBAI,Economic Resources & Living Standards; Population Groups; Geographic Scope; Analysis & Insights,Data linkage; Misc,<strong>FRS undercounts UC recipients</strong><p><b>Type of Data Gap: </b>Data linkage; Misc<br><b>Sources: </b>FRS / HBAI <br><b>Topics: </b>Economic Resources & Living Standards; Population Groups; Geographic Scope; Analysis & Insights</p>
Children being left behind: deep poverty among families in Scotland,JRF,2025,"<button type='button' class='btn btn-quarto' onclick='window.open(""https://www.jrf.org.uk/child-poverty/children-being-left-behind-deep-poverty-among-families-in-scotland"", ""_blank"")'>View Report</button>",<button type='button' class='btn' id='r-4'>Related Gaps</button>,FRS / HBAI,Economic Resources & Living Standards; Poverty Characteristics; Population Groups; Geographic Scope; Analysis & Insights; Poverty Characteristics; Population Groups; Geographic Scope; Analysis & Insights,Data linkage; Misc; Sufficiency,<strong>Benefits under-reported in FRS</strong><p><b>Type of Data Gap: </b>Data linkage; Misc<br><b>Sources: </b>FRS / HBAI <br><b>Topics: </b>Economic Resources & Living Standards; Poverty Characteristics; Population Groups; Geographic Scope; Analysis & Insights</p><br><strong>Small Scotland samples force seven-year data pooling</strong><p><b>Type of Data Gap: </b>Sufficiency<br><b>Sources: </b>FRS / HBAI <br><b>Topics: </b>Poverty Characteristics; Population Groups; Geographic Scope; Analysis & Insights</p>
A path to better Council Tax Support schemes,Policy in Practice,2025,"<button type='button' class='btn btn-quarto' onclick='window.open(""https://policyinpractice.co.uk/wp-content/uploads/2025/05/Report_A-path-to-better-Council-Tax-Support-schemes_Apr25-.pdf"", ""_blank"")'>View Report</button>",<button type='button' class='btn' id='r-5'>Related Gaps</button>,DWP admin data,Economic Resources & Living Standards; Poverty Characteristics; Geographic Scope; Analysis & Insights,Data sharing,<strong>Lack of data sharing prevents CTR auto-enrolment for fluctuating earners</strong><p><b>Type of Data Gap: </b>Data sharing<br><b>Sources: </b>DWP admin data <br><b>Topics: </b>Economic Resources & Living Standards; Poverty Characteristics; Geographic Scope; Analysis & Insights</p>
Value for Money in Homelessness: A spotlight on temporary accommodation in Northern Ireland,Centre for Homelessness Impact,2025,"<button type='button' class='btn btn-quarto' onclick='window.open(""https://bit.ly/TA-NI-Value-For-Money-Report"", ""_blank"")'>View Report</button>",<button type='button' class='btn' id='r-6'>Related Gaps</button>,Devolved data,Misc; Economic Resources & Living Standards; Essential Services & Living Conditions,Data quality; Wish,<strong>Housing Executive rent data collected manually only</strong><p><b>Type of Data Gap: </b>Data quality<br><b>Sources: </b>Devolved data <br><b>Topics: </b>Misc</p><br><strong>Housing Executive can't disaggregate TA costs/outcomes</strong><p><b>Type of Data Gap: </b>Wish<br><b>Sources: </b>Devolved data <br><b>Topics: </b>Economic Resources & Living Standards; Essential Services & Living Conditions</p><br><strong>Housing Executive lacks repeat TA user needs data</strong><p><b>Type of Data Gap: </b>Wish<br><b>Sources: </b>Devolved data <br><b>Topics: </b>Misc</p>
Baking inequality in from birth:New analysis of the way the two-childlimit and the benefit cap intersect withethnicity,LSE CASE - Stewart et al.,2025,"<button type='button' class='btn btn-quarto' onclick='window.open(""https://sticerd.lse.ac.uk/dps/case/cb/casebrief43.pdf"", ""_blank"")'>View Report</button>",<button type='button' class='btn' id='r-7'>Related Gaps</button>,DWP admin data,Economic Resources & Living Standards; Essential Services & Living Conditions; Population Groups; Analysis & Insights; Economic Resources & Living Standards; Population Groups; Analysis & Insights,Data access; Sufficiency,<strong>Data on two-child limit and benefit cap by ethnicity are difficult to access</strong><p><b>Type of Data Gap: </b>Data access<br><b>Sources: </b>DWP admin data <br><b>Topics: </b>Economic Resources & Living Standards; Essential Services & Living Conditions; Population Groups; Analysis & Insights</p><br><strong>Child Benefit admin data provides ethnicity only in aggregated categories</strong><p><b>Type of Data Gap: </b>Sufficiency<br><b>Sources: </b>DWP admin data <br><b>Topics: </b>Economic Resources & Living Standards; Population Groups; Analysis & Insights</p>
£2 trillion poorer than previously thought? Assessing changes to household wealth statistics,IFS,2025,"<button type='button' class='btn btn-quarto' onclick='window.open(""https://ifs.org.uk/publications/ps2-trillion-poorer-previously-thought-assessing-changes-household-wealth-statistics"", ""_blank"")'>View Report</button>",<button type='button' class='btn' id='r-8'>Related Gaps</button>,Wealth and Assets Survey,Economic Resources & Living Standards; Population Groups; Analysis & Insights,Data quality,<strong>Flawed pension valuation distorts household wealth estimates</strong><p><b>Type of Data Gap: </b>Data quality<br><b>Sources: </b>Wealth and Assets Survey <br><b>Topics: </b>Economic Resources & Living Standards; Population Groups; Analysis & Insights</p>
Meeting the Moment,JRF,2025,"<button type='button' class='btn btn-quarto' onclick='window.open(""https://www.jrf.org.uk/child-poverty/meeting-the-moment-scottish-election-2026"", ""_blank"")'>View Report</button>",<button type='button' class='btn' id='r-9'>Related Gaps</button>,Devolved data,Geographic Scope,Data quality; Sufficiency,<strong>Scottish poverty modelling data limited</strong><p><b>Type of Data Gap: </b>Data quality; Sufficiency<br><b>Sources: </b>Devolved data <br><b>Topics: </b>Geographic Scope</p>
Hidden Hardships: The immigration system and child poverty,IPPR,2025,"<button type='button' class='btn btn-quarto' onclick='window.open(""https://www.ippr.org/articles/hidden-hardships"", ""_blank"")'>View Report</button>",<button type='button' class='btn' id='r-10'>Related Gaps</button>,FRS / HBAI; Devolved data,Population Groups; Analysis & Insights; Population Groups,Data quality; Wish; Sufficiency; Wish,<strong>Inadequate migrant child poverty data obscures scale</strong><p><b>Type of Data Gap: </b>Data quality; Wish<br><b>Sources: </b>FRS / HBAI <br><b>Topics: </b>Population Groups; Analysis & Insights</p><br><strong>NRPF poverty data severely limited</strong><p><b>Type of Data Gap: </b>Sufficiency; Wish<br><b>Sources: </b>Devolved data <br><b>Topics: </b>Population Groups</p>
Households living below a Minimum Income Standard: 2008–2023,JRF,2025,"<button type='button' class='btn btn-quarto' onclick='window.open(""https://www.jrf.org.uk/households-living-below-a-minimum-income-standard-2008-2023"", ""_blank"")'>View Report</button>",<button type='button' class='btn' id='r-11'>Related Gaps</button>,Minimum Income Standards,Economic Resources & Living Standards; Essential Services & Living Conditions; Analysis & Insights,Sufficiency,<strong>MIS excludes homeowner maintenance costs</strong><p><b>Type of Data Gap: </b>Sufficiency<br><b>Sources: </b>Minimum Income Standards <br><b>Topics: </b>Economic Resources & Living Standards; Essential Services & Living Conditions; Analysis & Insights</p>
UK Poverty 2025,JRF,2025,"<button type='button' class='btn btn-quarto' onclick='window.open(""https://www.jrf.org.uk/uk-poverty-2025-the-essential-guide-to-understanding-poverty-in-the-uk"", ""_blank"")'>View Report</button>",<button type='button' class='btn' id='r-12'>Related Gaps</button>,FRS / HBAI; FRS / HBAI; Financial Lives Survey; Wealth and Assets Survey,Economic Resources & Living Standards; Analysis & Insights; Economic Resources & Living Standards,Sufficiency; Timeliness,<strong>FRS sample sizes concerningly low</strong><p><b>Type of Data Gap: </b>Sufficiency<br><b>Sources: </b>FRS / HBAI <br><b>Topics: </b>Economic Resources & Living Standards; Analysis & Insights</p><br><strong>Savings/debt data limited and delayed</strong><p><b>Type of Data Gap: </b>Timeliness<br><b>Sources: </b>FRS / HBAI; Financial Lives Survey; Wealth and Assets Survey <br><b>Topics: </b>Economic Resources & Living Standards</p>
Living Standards Outlook 2025,Resolution Foundation,2025,"<button type='button' class='btn btn-quarto' onclick='window.open(""https://www.resolutionfoundation.org/app/uploads/2025/06/LivingStandardsOutlook2025.pdf"", ""_blank"")'>View Report</button>",<button type='button' class='btn' id='r-13'>Related Gaps</button>,LFS,Economic Resources & Living Standards; Geographic Scope; Analysis & Insights,Data quality,<strong>LFS weaknesses prevent robust productivity metrics</strong><p><b>Type of Data Gap: </b>Data quality<br><b>Sources: </b>LFS <br><b>Topics: </b>Economic Resources & Living Standards; Geographic Scope; Analysis & Insights</p>
"Missing out: Over £1 billion of
support is unclaimed in North East
England each year",Policy in Practice,2025,"<button type='button' class='btn btn-quarto' onclick='window.open(""https://policyinpractice.co.uk/wp-content/uploads/2024/10/Policy-in-Practice_Missing-out-Over-1-billion-of-support-is-unclaimed-in-North-East-of-England-each-year_compressed.pdf"", ""_blank"")'>View Report</button>",<button type='button' class='btn' id='r-14'>Related Gaps</button>,Non-existent,Economic Resources & Living Standards; Analysis & Insights,Timeliness; Data linkage,<strong>Benefit take-up rates lack official data</strong><p><b>Type of Data Gap: </b>Timeliness; Data linkage<br><b>Sources: </b>Non-existent <br><b>Topics: </b>Economic Resources & Living Standards; Analysis & Insights</p>
An examination of the impact of policy interventions designed to reduce poverty in Wales,Policy in Practice,2025,"<button type='button' class='btn btn-quarto' onclick='window.open(""https://policyinpractice.co.uk/wp-content/uploads/2025/06/Report_An-examination-of-the-impact-of-policy-interventions-designed-to-reduce-poverty-in-Wales_June2025.pdf"", ""_blank"")'>View Report</button>",<button type='button' class='btn' id='r-15'>Related Gaps</button>,Devolved data,Geographic Scope; Analysis & Insights; Economic Resources & Living Standards; Geographic Scope; Analysis & Insights,Data quality; Data linkage; Standardisation and Harmonisation; Sufficiency,<strong>Welsh policy analysis relies on two LA datasets</strong><p><b>Type of Data Gap: </b>Data quality; Data linkage<br><b>Sources: </b>Devolved data <br><b>Topics: </b>Geographic Scope; Analysis & Insights</p><br><strong>Welsh minimum wage model lacks hours-worked data</strong><p><b>Type of Data Gap: </b>Standardisation and Harmonisation; Sufficiency<br><b>Sources: </b>Devolved data <br><b>Topics: </b>Economic Resources & Living Standards; Geographic Scope; Analysis & Insights</p>
A smarter approach to homelessness,Institute for Government & Centre for Homelessness Impact,2025,"<button type='button' class='btn btn-quarto' onclick='window.open(""https://www.instituteforgovernment.org.uk/sites/default/files/2025-05/A-smarter-approach-to-homelessness.pdf"", ""_blank"")'>View Report</button>",<button type='button' class='btn' id='r-16'>Related Gaps</button>,Non-existent; Devolved data; Homelessness data; Not stated,Essential Services & Living Conditions; Analysis & Insights; Misc,Wish; Data linkage; Standardisation and Harmonisation; Data sharing,<strong>Insufficient data for preventative vs reactive spending</strong><p><b>Type of Data Gap: </b>Wish<br><b>Sources: </b>Non-existent <br><b>Topics: </b>Essential Services & Living Conditions; Analysis & Insights</p><br><strong>Poor local homelessness data hinders intervention evaluation</strong><p><b>Type of Data Gap: </b>Data linkage; Standardisation and Harmonisation<br><b>Sources: </b>Devolved data; Homelessness data <br><b>Topics: </b>Essential Services & Living Conditions; Analysis & Insights</p><br><strong>Siloed systems hinder early homelessness identification</strong><p><b>Type of Data Gap: </b>Data sharing<br><b>Sources: </b>Not stated <br><b>Topics: </b>Misc</p>
Automating access to water social tariffs: A pilot study with Thames Water in Richmond and Wandsworth,Policy in Practice,2025,"<button type='button' class='btn btn-quarto' onclick='window.open(""https://policyinpractice.co.uk/wp-content/uploads/2025/03/Report_Automating-access-to-water-social-tariffs_31March2025.pdf"", ""_blank"")'>View Report</button>",<button type='button' class='btn' id='r-17'>Related Gaps</button>,DWP admin data; Universal Credit Data Share,Economic Resources & Living Standards; Essential Services & Living Conditions; Analysis & Insights; Economic Resources & Living Standards; Geographic Scope; Analysis & Insights,Data sharing; Sufficiency; Data sharing,<strong>DWP benefits data insufficient to target social tariffs on water bills</strong><p><b>Type of Data Gap: </b>Data sharing; Sufficiency<br><b>Sources: </b>DWP admin data <br><b>Topics: </b>Economic Resources & Living Standards; Essential Services & Living Conditions; Analysis & Insights</p><br><strong>DWP shares data for only 45% UC recipients</strong><p><b>Type of Data Gap: </b>Data sharing<br><b>Sources: </b>Universal Credit Data Share <br><b>Topics: </b>Economic Resources & Living Standards; Geographic Scope; Analysis & Insights</p>
Unlocking the potential of young people furthest from the labour market,JRF,2025,"<button type='button' class='btn btn-quarto' onclick='window.open(""https://www.jrf.org.uk/work/unlocking-the-potential-of-young-people-furthest-from-the-labour-market"", ""_blank"")'>View Report</button>",<button type='button' class='btn' id='r-18'>Related Gaps</button>,LFS,Economic Resources & Living Standards; Population Groups; Analysis & Insights,Data quality,<strong>Declining LFS sample risks youth inactivity bias</strong><p><b>Type of Data Gap: </b>Data quality<br><b>Sources: </b>LFS <br><b>Topics: </b>Economic Resources & Living Standards; Population Groups; Analysis & Insights</p>
The art of the possible: How data can improve access to social tariffs in the short and medium term,Policy in Practice,2025,"<button type='button' class='btn btn-quarto' onclick='window.open(""https://policyinpractice.co.uk/wp-content/uploads/2025/03/Report_The-art-of-the-possible_31March25.pdf"", ""_blank"")'>View Report</button>",<button type='button' class='btn' id='r-19'>Related Gaps</button>,DWP admin data; HMRC data,Economic Resources & Living Standards; Essential Services & Living Conditions; Geographic Scope; Analysis & Insights,Data sharing,<strong>Limited data sharing hinders social tariff auto-enrolment</strong><p><b>Type of Data Gap: </b>Data sharing<br><b>Sources: </b>DWP admin data; HMRC data <br><b>Topics: </b>Economic Resources & Living Standards; Essential Services & Living Conditions; Geographic Scope; Analysis & Insights</p>
Systems-wide evaluation of homelessness and rough sleeping: preliminary findings,Centre for Homelessness Impact; RSM; Cordis Bright,2025,"<button type='button' class='btn btn-quarto' onclick='window.open(""https://www.gov.uk/government/publications/systems-wide-evaluation-of-homelessness-and-rough-sleeping-preliminary-findings/systems-wide-evaluation-of-homelessness-and-rough-sleeping-preliminary-findings"", ""_blank"")'>View Report</button>",<button type='button' class='btn' id='r-20'>Related Gaps</button>,Other; Devolved data; Devolved data; Homelessness data,Essential Services & Living Conditions; Analysis & Insights; Essential Services & Living Conditions; Geographic Scope; Analysis & Insights,Data linkage; Standardisation and Harmonisation; Standardisation and Harmonisation; Standardisation and Harmonisation; Wish,<strong>Cross-governmental administrative data on homelessness is limited</strong><p><b>Type of Data Gap: </b>Data linkage; Standardisation and Harmonisation<br><b>Sources: </b>Other <br><b>Topics: </b>Essential Services & Living Conditions; Analysis & Insights</p><br><strong>Duty to Refer processes unstandardised across LAs</strong><p><b>Type of Data Gap: </b>Standardisation and Harmonisation<br><b>Sources: </b>Devolved data <br><b>Topics: </b>Essential Services & Living Conditions; Geographic Scope; Analysis & Insights</p><br><strong>Flagship homelessness programmes lack outcome metrics</strong><p><b>Type of Data Gap: </b>Standardisation and Harmonisation; Wish<br><b>Sources: </b>Devolved data; Homelessness data <br><b>Topics: </b>Essential Services & Living Conditions; Geographic Scope; Analysis & Insights</p>
Investigating the Impacts of Housing Interventions on Homelessness among Care Leavers in Greater Manchester,Centre for Homelessness Impact (CHI) & Greater Manchester Combined Authority,2025,"<button type='button' class='btn btn-quarto' onclick='window.open(""https://cdn.prod.website-files.com/646dd81ef095aa13072c44e0/68385f84797203d2246a4fe7_CHI_GMCA_Care%20Leavers_Homelessness.pdf"", ""_blank"")'>View Report</button>",<button type='button' class='btn' id='r-21'>Related Gaps</button>,Devolved data,Essential Services & Living Conditions; Population Groups; Geographic Scope; Analysis & Insights; Essential Services & Living Conditions; Geographic Scope; Analysis & Insights,Data quality,<strong>Homelessness data can't disaggregate intervention types</strong><p><b>Type of Data Gap: </b>Data quality<br><b>Sources: </b>Devolved data <br><b>Topics: </b>Essential Services & Living Conditions; Population Groups; Geographic Scope; Analysis & Insights</p><br><strong>Lack of individual-level homelessness intervention engagement data</strong><p><b>Type of Data Gap: </b>Data quality<br><b>Sources: </b>Devolved data <br><b>Topics: </b>Essential Services & Living Conditions; Geographic Scope; Analysis & Insights</p>
"Gender, data and the labour market:Why data collection is not gender neutral",Women's Budget Group,2025,"<button type='button' class='btn btn-quarto' onclick='window.open(""https://www.wbg.org.uk/publication/gender-data-and-the-labour-market-why-data-collection-is-not-gender-neutral/"", ""_blank"")'>View Report</button>",<button type='button' class='btn' id='r-22'>Related Gaps</button>,Other; LFS; FRS / HBAI; ASHE; Not stated,Economic Resources & Living Standards; Essential Services & Living Conditions; Population Groups; Analysis & Insights; Population Groups; Analysis & Insights; Economic Resources & Living Standards; Population Groups; Analysis & Insights; Economic Resources & Living Standards; Population Groups; Geographic Scope; Analysis & Insights; Economic Resources & Living Standards; Population Groups; Geographic Scope,Sufficiency; Data quality; Wish; Data quality; Sufficiency,<strong>Unpaid care excluded from GDP</strong><p><b>Type of Data Gap: </b>Sufficiency; Data quality<br><b>Sources: </b>Other <br><b>Topics: </b>Economic Resources & Living Standards; Essential Services & Living Conditions; Population Groups; Analysis & Insights</p><br><strong>Economic statistics ignore broader wellbeing measures</strong><p><b>Type of Data Gap: </b>Wish<br><b>Sources: </b>Other <br><b>Topics: </b>Population Groups; Analysis & Insights</p><br><strong>Secondary employment undercounted in major surveys</strong><p><b>Type of Data Gap: </b>Data quality<br><b>Sources: </b>LFS; FRS / HBAI; ASHE <br><b>Topics: </b>Economic Resources & Living Standards; Population Groups; Analysis & Insights</p><br><strong>Household-level data obscures individual economic vulnerability</strong><p><b>Type of Data Gap: </b>Sufficiency<br><b>Sources: </b>LFS; FRS / HBAI; ASHE <br><b>Topics: </b>Economic Resources & Living Standards; Population Groups; Geographic Scope; Analysis & Insights</p><br><strong>Local economic data lack needed granularity</strong><p><b>Type of Data Gap: </b>Sufficiency<br><b>Sources: </b>Not stated <br><b>Topics: </b>Economic Resources & Living Standards; Population Groups; Geographic Scope</p><br><strong>SIC Codes do not reflect jobs typically held by women</strong><p><b>Type of Data Gap: </b>Sufficiency; Data quality<br><b>Sources: </b>Other <br><b>Topics: </b>Economic Resources & Living Standards; Population Groups; Geographic Scope</p>
Cheques and imbalances: How income varies throughout the year for Universal Credit households,Policy in Practice,2025,"<button type='button' class='btn btn-quarto' onclick='window.open(""https://policyinpractice.co.uk/wp-content/uploads/2025/03/Report_-Cheques-and-imbalances-How-income-varies-throughout-the-year-for-Universal-Credit-households.-March-2025-1.pdf"", ""_blank"")'>View Report</button>",<button type='button' class='btn' id='r-23'>Related Gaps</button>,Universal Credit Data Share,Economic Resources & Living Standards; Poverty Characteristics; Analysis & Insights; Economic Resources & Living Standards; Poverty Characteristics,Sufficiency; Data access; Data sharing,"<strong>Surveys can't measure within-year income volatility</strong><p><b>Type of Data Gap: </b>Sufficiency<br><b>Sources: </b>Universal Credit Data Share <br><b>Topics: </b>Economic Resources & Living Standards; Poverty Characteristics; Analysis & Insights</p><br><strong>HMRC data access blocked, obscuring UC volatility</strong><p><b>Type of Data Gap: </b>Data access; Data sharing<br><b>Sources: </b>Universal Credit Data Share <br><b>Topics: </b>Economic Resources & Living Standards; Poverty Characteristics</p>"
How to Get Britain Working (and Pay the Bills),Centre for Social Justice,2025,"<button type='button' class='btn btn-quarto' onclick='window.open(""https://www.centreforsocialjustice.org.uk/wp-content/uploads/2025/03/CSJ-Get_Britain_Working.pdf"", ""_blank"")'>View Report</button>",<button type='button' class='btn' id='r-24'>Related Gaps</button>,Devolved data; Unspecified admin data,Economic Resources & Living Standards; Essential Services & Living Conditions; Analysis & Insights; Population Groups; Analysis & Insights,Standardisation and Harmonisation; Sufficiency,<strong>Mental health definition inconsistent across NHS trusts</strong><p><b>Type of Data Gap: </b>Standardisation and Harmonisation<br><b>Sources: </b>Devolved data <br><b>Topics: </b>Economic Resources & Living Standards; Essential Services & Living Conditions; Analysis & Insights</p><br><strong>Family structure data unpublished across departments</strong><p><b>Type of Data Gap: </b>Sufficiency<br><b>Sources: </b>Unspecified admin data <br><b>Topics: </b>Population Groups; Analysis & Insights</p>
Independent Review into National Statistics,Women's Budget Group,2025,"<button type='button' class='btn btn-quarto' onclick='window.open(""https://www.wbg.org.uk/article/independent-review-into-national-statistics/"", ""_blank"")'>View Report</button>",<button type='button' class='btn' id='r-25'>Related Gaps</button>,LFS; FRS / HBAI; ASHE; Wealth and Assets Survey,Economic Resources & Living Standards; Analysis & Insights,Sufficiency; Data quality,"<strong>LFS, FRS, ASHE suffer declining response rates</strong><p><b>Type of Data Gap: </b>Sufficiency<br><b>Sources: </b>LFS; FRS / HBAI; ASHE <br><b>Topics: </b>Economic Resources & Living Standards; Analysis & Insights</p><br><strong>WAS methodology change obscures generational wealth analysis</strong><p><b>Type of Data Gap: </b>Data quality<br><b>Sources: </b>Wealth and Assets Survey <br><b>Topics: </b>Economic Resources & Living Standards; Analysis & Insights</p>"
Unequal Returns: The case for reforming the Pupil Premium,Centre for Social Justice,2025,"<button type='button' class='btn btn-quarto' onclick='window.open(""https://www.centreforsocialjustice.org.uk/wp-content/uploads/2025/07/CSJ-Unequal_Returns.pdf"", ""_blank"")'>View Report</button>",<button type='button' class='btn' id='r-26'>Related Gaps</button>,Non-existent; Devolved data,Misc,Wish; Data linkage; Wish; Data quality,<strong>Pupil premium lacks longitudinal eligibility tracking</strong><p><b>Type of Data Gap: </b>Wish; Data linkage<br><b>Sources: </b>Non-existent <br><b>Topics: </b>Misc</p><br><strong>Government lacks systematic Pupil Premium spending data</strong><p><b>Type of Data Gap: </b>Wish; Data quality<br><b>Sources: </b>Devolved data <br><b>Topics: </b>Misc</p>
Poverty in Wales 2025,JRF,2025,"<button type='button' class='btn btn-quarto' onclick='window.open(""https://www.jrf.org.uk/poverty-in-wales-2025"", ""_blank"")'>View Report</button>",<button type='button' class='btn' id='r-27'>Related Gaps</button>,FRS / HBAI; Devolved data,Economic Resources & Living Standards; Geographic Scope; Analysis & Insights; Economic Resources & Living Standards; Population Groups; Geographic Scope; Analysis & Insights; Essential Services & Living Conditions; Population Groups; Geographic Scope; Analysis & Insights; Economic Resources & Living Standards; Essential Services & Living Conditions; Population Groups; Geographic Scope; Analysis & Insights,Sufficiency; Standardisation and Harmonisation; Standardisation and Harmonisation; Data linkage,<strong>Welsh poverty data require multi-year averaging</strong><p><b>Type of Data Gap: </b>Sufficiency<br><b>Sources: </b>FRS / HBAI <br><b>Topics: </b>Economic Resources & Living Standards; Geographic Scope; Analysis & Insights</p><br><strong>Welsh ethnicity analysis combines all non-white groups</strong><p><b>Type of Data Gap: </b>Sufficiency<br><b>Sources: </b>FRS / HBAI <br><b>Topics: </b>Economic Resources & Living Standards; Population Groups; Geographic Scope; Analysis & Insights</p><br><strong>Small Welsh samples limit ethnicity-based poverty analysis</strong><p><b>Type of Data Gap: </b>Sufficiency<br><b>Sources: </b>FRS / HBAI <br><b>Topics: </b>Economic Resources & Living Standards; Population Groups; Geographic Scope; Analysis & Insights</p><br><strong>Devolved education systems prevent UK-wide comparison</strong><p><b>Type of Data Gap: </b>Standardisation and Harmonisation<br><b>Sources: </b>Devolved data <br><b>Topics: </b>Essential Services & Living Conditions; Population Groups; Geographic Scope; Analysis & Insights</p><br><strong>Welsh education data lack direct parental income</strong><p><b>Type of Data Gap: </b>Standardisation and Harmonisation; Data linkage<br><b>Sources: </b>Devolved data <br><b>Topics: </b>Economic Resources & Living Standards; Essential Services & Living Conditions; Population Groups; Geographic Scope; Analysis & Insights</p>
Turning the tide: What it will take to reduce child poverty in the UK,Resolution Foundation,2025,"<button type='button' class='btn btn-quarto' onclick='window.open(""https://www.resolutionfoundation.org/publications/turning-the-tide/"", ""_blank"")'>View Report</button>",<button type='button' class='btn' id='r-28'>Related Gaps</button>,FRS / HBAI,Population Groups; Analysis & Insights,Data linkage; Misc; Timeliness,"<strong>FRS/admin data integration lacking, distorting poverty rates</strong><p><b>Type of Data Gap: </b>Data linkage; Misc<br><b>Sources: </b>FRS / HBAI <br><b>Topics: </b>Population Groups; Analysis & Insights</p><br><strong>FRS data have multi-year time lag</strong><p><b>Type of Data Gap: </b>Timeliness<br><b>Sources: </b>FRS / HBAI <br><b>Topics: </b>Population Groups; Analysis & Insights</p>"
Capping ambitions,New Economics Foundation,2024,"<button type='button' class='btn btn-quarto' onclick='window.open(""https://neweconomics.org/2024/10/capping-ambitions"", ""_blank"")'>View Report</button>",<button type='button' class='btn' id='r-29'>Related Gaps</button>,DWP admin data; Other,Economic Resources & Living Standards; Essential Services & Living Conditions; Population Groups; Analysis & Insights; Misc,Data access; Misc,<strong>Gender-disaggregated benefit cap data is not publicly available</strong><p><b>Type of Data Gap: </b>Data access<br><b>Sources: </b>DWP admin data <br><b>Topics: </b>Economic Resources & Living Standards; Essential Services & Living Conditions; Population Groups; Analysis & Insights</p><br><strong>OBR lacks policy-specific fiscal multipliers</strong><p><b>Type of Data Gap: </b>Misc<br><b>Sources: </b>Other <br><b>Topics: </b>Misc</p>
Uneven ground: Assessing the state of UK geographic economic inequality facing the new Government,Resolution Foundation,2024,"<button type='button' class='btn btn-quarto' onclick='window.open(""https://www.resolutionfoundation.org/publications/uneven-ground/"", ""_blank"")'>View Report</button>",<button type='button' class='btn' id='r-30'>Related Gaps</button>,DWP admin data; LFS; Other,Economic Resources & Living Standards; Essential Services & Living Conditions; Population Groups; Analysis & Insights; Economic Resources & Living Standards; Geographic Scope; Analysis & Insights; Economic Resources & Living Standards; Essential Services & Living Conditions; Geographic Scope; Analysis & Insights,Data access; Sufficiency,<strong>Official child poverty statistics at the local level are before-housing-costs only</strong><p><b>Type of Data Gap: </b>Data access<br><b>Sources: </b>DWP admin data <br><b>Topics: </b>Economic Resources & Living Standards; Essential Services & Living Conditions; Population Groups; Analysis & Insights</p><br><strong>LFS issues limit local labour market comparisons</strong><p><b>Type of Data Gap: </b>Sufficiency<br><b>Sources: </b>LFS <br><b>Topics: </b>Economic Resources & Living Standards; Geographic Scope; Analysis & Insights</p><br><strong>Local AHC income data unavailable</strong><p><b>Type of Data Gap: </b>Sufficiency<br><b>Sources: </b>Other <br><b>Topics: </b>Economic Resources & Living Standards; Essential Services & Living Conditions; Geographic Scope; Analysis & Insights</p>
A United Nation,Centre for Social Justice,2024,"<button type='button' class='btn btn-quarto' onclick='window.open(""https://www.centreforsocialjustice.org.uk/wp-content/uploads/2024/08/CSJ-United_Nation.pdf"", ""_blank"")'>View Report</button>",<button type='button' class='btn' id='r-31'>Related Gaps</button>,DWP admin data,Economic Resources & Living Standards; Population Groups; Geographic Scope; Analysis & Insights,Data sharing,<strong>Local Authorities lack access to full DWP datasets</strong><p><b>Type of Data Gap: </b>Data sharing<br><b>Sources: </b>DWP admin data <br><b>Topics: </b>Economic Resources & Living Standards; Population Groups; Geographic Scope; Analysis & Insights</p>
Unseen Children: The hidden lives of children in families seeking asylum in the UK,"Ilona Pinter, Centre for Analysis of Social Exclusion (LSE)",2024,"<button type='button' class='btn btn-quarto' onclick='window.open(""https://sticerd.lse.ac.uk/dps/case/cp/casepaper237.pdf"", ""_blank"")'>View Report</button>",<button type='button' class='btn' id='r-32'>Related Gaps</button>,Home Office admin data,Population Groups; Analysis & Insights,Sufficiency,<strong>Home Office asylum data severely limited</strong><p><b>Type of Data Gap: </b>Sufficiency<br><b>Sources: </b>Home Office admin data <br><b>Topics: </b>Population Groups; Analysis & Insights</p>
The Role of Employability in Tackling Poverty,IPPR,2024,"<button type='button' class='btn btn-quarto' onclick='window.open(""https://ippr-org.files.svdcdn.com/production/Downloads/Working-wonders-March-24.pdf?dm=1728042291"", ""_blank"")'>View Report</button>",<button type='button' class='btn' id='r-33'>Related Gaps</button>,Non-existent,Economic Resources & Living Standards; Geographic Scope; Analysis & Insights,Wish,<strong>NOLB lacks outcomes measurement framework</strong><p><b>Type of Data Gap: </b>Wish<br><b>Sources: </b>Non-existent <br><b>Topics: </b>Economic Resources & Living Standards; Geographic Scope; Analysis & Insights</p>
Driving up costs,University of Bristol Personal Finance Research Centre,2024,"<button type='button' class='btn btn-quarto' onclick='window.open(""https://www.bristol.ac.uk/geography/research/pfrc/themes/financial-exclusion-poverty/driving-up-costs/"", ""_blank"")'>View Report</button>",<button type='button' class='btn' id='r-34'>Related Gaps</button>,Non-existent,Economic Resources & Living Standards; Analysis & Insights,Wish,<strong>Car insurance claims data missing</strong><p><b>Type of Data Gap: </b>Wish<br><b>Sources: </b>Non-existent <br><b>Topics: </b>Economic Resources & Living Standards; Analysis & Insights</p>
Cold Comfort: Mitigating the Winter Fuel Payment cut,Resolution Foundation,2024,"<button type='button' class='btn btn-quarto' onclick='window.open(""https://www.resolutionfoundation.org/publications/cold-comfort/"", ""_blank"")'>View Report</button>",<button type='button' class='btn' id='r-35'>Related Gaps</button>,Unspecified admin data,Economic Resources & Living Standards; Essential Services & Living Conditions; Analysis & Insights,Data linkage,<strong>Information on income and energy bills is not integrated</strong><p><b>Type of Data Gap: </b>Data linkage<br><b>Sources: </b>Unspecified admin data <br><b>Topics: </b>Economic Resources & Living Standards; Essential Services & Living Conditions; Analysis & Insights</p>
Get Britain’s Stats Working,Resolution Foundation,2024,"<button type='button' class='btn btn-quarto' onclick='window.open(""https://www.resolutionfoundation.org/publications/get-britains-stats-working/"", ""_blank"")'>View Report</button>",<button type='button' class='btn' id='r-36'>Related Gaps</button>,LFS,Economic Resources & Living Standards; Population Groups; Geographic Scope; Analysis & Insights; Economic Resources & Living Standards; Analysis & Insights,Data quality; Sufficiency; Data quality,<strong>LFS response collapse distorts employment rate</strong><p><b>Type of Data Gap: </b>Data quality; Sufficiency<br><b>Sources: </b>LFS <br><b>Topics: </b>Economic Resources & Living Standards; Population Groups; Geographic Scope; Analysis & Insights</p><br><strong>LFS overstates post-pandemic inactivity rise</strong><p><b>Type of Data Gap: </b>Data quality<br><b>Sources: </b>LFS <br><b>Topics: </b>Economic Resources & Living Standards; Analysis & Insights</p>
"Capped and trapped (in the UK's
housing market): how the benefit cap
makes it almost impossible to find
affordable housing",LSE CASE – Fransham et al.,2024,"<button type='button' class='btn btn-quarto' onclick='window.open(""https://www.lse.ac.uk/News/News-Assets/PDFs/2024/CASEpaper234CappedandTrapped.pdf"", ""_blank"")'>View Report</button>",<button type='button' class='btn' id='r-37'>Related Gaps</button>,DWP admin data,Economic Resources & Living Standards; Essential Services & Living Conditions; Population Groups; Geographic Scope,Data access,<strong>Small-area benefit cap data suppressed in Stat-Xplore</strong><p><b>Type of Data Gap: </b>Data access<br><b>Sources: </b>DWP admin data <br><b>Topics: </b>Economic Resources & Living Standards; Essential Services & Living Conditions; Population Groups; Geographic Scope</p>
IFS Green Budget 2024 – Chapter 6 “Child poverty: trends and policy options”,IFS,2024,"<button type='button' class='btn btn-quarto' onclick='window.open(""https://ifs.org.uk/publications/green-budget-2024-full-report"", ""_blank"")'>View Report</button>",<button type='button' class='btn' id='r-38'>Related Gaps</button>,FRS / HBAI,Economic Resources & Living Standards; Poverty Characteristics; Population Groups; Analysis & Insights,Data linkage; Misc,<strong>Survey limitations hamper deep child poverty analysis</strong><p><b>Type of Data Gap: </b>Data linkage; Misc<br><b>Sources: </b>FRS / HBAI <br><b>Topics: </b>Economic Resources & Living Standards; Poverty Characteristics; Population Groups; Analysis & Insights</p>
Stop the freeze: permanently re-link housing benefits to private rents,JRF,2024,"<button type='button' class='btn btn-quarto' onclick='window.open(""https://www.jrf.org.uk/housing/stop-the-freeze-permanently-re-link-housing-benefits-to-private-rents"", ""_blank"")'>View Report</button>",<button type='button' class='btn' id='r-39'>Related Gaps</button>,FRS / HBAI,Economic Resources & Living Standards; Essential Services & Living Conditions; Analysis & Insights; Misc,Data access; Sufficiency,<strong>Secure FRS access severely restricted</strong><p><b>Type of Data Gap: </b>Data access<br><b>Sources: </b>FRS / HBAI <br><b>Topics: </b>Economic Resources & Living Standards; Essential Services & Living Conditions; Analysis & Insights</p><br><strong>FRS lacks geographic detail for LHA analysis</strong><p><b>Type of Data Gap: </b>Sufficiency<br><b>Sources: </b>FRS / HBAI <br><b>Topics: </b>Misc</p>
How have pensioner incomes and poverty changed in recent years?,IFS,2024,"<button type='button' class='btn btn-quarto' onclick='window.open(""https://ifs.org.uk/publications/how-have-pensioner-incomes-and-poverty-changed-recent-years"", ""_blank"")'>View Report</button>",<button type='button' class='btn' id='r-40'>Related Gaps</button>,FRS / HBAI,Economic Resources & Living Standards,Sufficiency,<strong>HBAI assumes uniform inflation across income distribution</strong><p><b>Type of Data Gap: </b>Sufficiency<br><b>Sources: </b>FRS / HBAI <br><b>Topics: </b>Economic Resources & Living Standards</p>
"Living standards, poverty and inequality in the UK: 2024",IFS,2024,"<button type='button' class='btn btn-quarto' onclick='window.open(""https://ifs.org.uk/publications/living-standards-poverty-and-inequality-uk-2024"", ""_blank"")'>View Report</button>",<button type='button' class='btn' id='r-41'>Related Gaps</button>,FRS / HBAI,Economic Resources & Living Standards; Analysis & Insights; Economic Resources & Living Standards; Essential Services & Living Conditions; Analysis & Insights,Sufficiency,<strong>HBAI misstates poverty under heterogeneous inflation</strong><p><b>Type of Data Gap: </b>Sufficiency<br><b>Sources: </b>FRS / HBAI <br><b>Topics: </b>Economic Resources & Living Standards; Analysis & Insights</p><br><strong>Mortgage interest rate data missing from HBAI</strong><p><b>Type of Data Gap: </b>Sufficiency<br><b>Sources: </b>FRS / HBAI <br><b>Topics: </b>Economic Resources & Living Standards; Essential Services & Living Conditions; Analysis & Insights</p>
"Bangladeshi, Black African and Pakistani households at higher risk of very deep, long-term poverty",JRF,2024,"<button type='button' class='btn btn-quarto' onclick='window.open(""https://www.jrf.org.uk/race-and-ethnicity/bangladeshi-black-african-pakistani-households-higher-risk-of-very-deep-poverty"", ""_blank"")'>View Report</button>",<button type='button' class='btn' id='r-42'>Related Gaps</button>,FRS / HBAI; Understanding Society,Poverty Characteristics; Population Groups; Analysis & Insights; Population Groups; Analysis & Insights,Sufficiency,<strong>Annual HBAI snapshots miss poverty persistence</strong><p><b>Type of Data Gap: </b>Sufficiency<br><b>Sources: </b>FRS / HBAI <br><b>Topics: </b>Poverty Characteristics; Population Groups; Analysis & Insights</p><br><strong>Small Understanding Society samples limit ethnic subgroup analysis</strong><p><b>Type of Data Gap: </b>Sufficiency<br><b>Sources: </b>Understanding Society <br><b>Topics: </b>Population Groups; Analysis & Insights</p>
Poverty proofing the future of early years childcare,JRF,2024,"<button type='button' class='btn btn-quarto' onclick='window.open(""https://www.jrf.org.uk/child-poverty/poverty-proofing-the-future-of-early-years-childcare"", ""_blank"")'>View Report</button>",<button type='button' class='btn' id='r-43'>Related Gaps</button>,FRS / HBAI,Population Groups; Analysis & Insights,Sufficiency,<strong>Household data masks women's intra-household poverty</strong><p><b>Type of Data Gap: </b>Sufficiency<br><b>Sources: </b>FRS / HBAI <br><b>Topics: </b>Population Groups; Analysis & Insights</p>
Spending on Temporary Accommodation…,Centre for Homelessness Impact,2024,"<button type='button' class='btn btn-quarto' onclick='window.open(""https://www.homelessnessimpact.org/publication/temporary-accommodation-value-for-money-england"", ""_blank"")'>View Report</button>",<button type='button' class='btn' id='r-44'>Related Gaps</button>,Other,Misc,Wish; Data quality; Data quality; Standardisation and Harmonisation,<strong>TA cost information patchy</strong><p><b>Type of Data Gap: </b>Wish; Data quality<br><b>Sources: </b>Other <br><b>Topics: </b>Misc</p><br><strong>RO4 data suffer reliability and reporting gaps</strong><p><b>Type of Data Gap: </b>Data quality; Standardisation and Harmonisation<br><b>Sources: </b>Other <br><b>Topics: </b>Misc</p>
Evaluating money matters advice and support services provided through food banks,University of Bristol Personal Finance Research Centre,2024,"<button type='button' class='btn btn-quarto' onclick='window.open(""https://www.bristol.ac.uk/geography/research/pfrc/themes/financial-exclusion-poverty/evaluating-money-matters-services/"", ""_blank"")'>View Report</button>",<button type='button' class='btn' id='r-45'>Related Gaps</button>,Non-existent,Essential Services & Living Conditions; Analysis & Insights,Standardisation and Harmonisation; Data linkage; Wish,<strong>Food bank data not linked</strong><p><b>Type of Data Gap: </b>Standardisation and Harmonisation; Data linkage<br><b>Sources: </b>Non-existent <br><b>Topics: </b>Essential Services & Living Conditions; Analysis & Insights</p><br><strong>Longitudinal food bank impact data missing</strong><p><b>Type of Data Gap: </b>Wish<br><b>Sources: </b>Non-existent <br><b>Topics: </b>Essential Services & Living Conditions; Analysis & Insights</p>
Pan-Approaches to Tackling Homelessness in London and Other Megacities,Centre for Homelessness Impact,2024,"<button type='button' class='btn btn-quarto' onclick='window.open(""https://bit.ly/Pan-Approaches-to-Tackling-Homelessness-London-and-Other-Megacities"", ""_blank"")'>View Report</button>",<button type='button' class='btn' id='r-46'>Related Gaps</button>,Unspecified admin data; CHAIN,Essential Services & Living Conditions; Geographic Scope; Analysis & Insights,Data sharing; Standardisation and Harmonisation; Data linkage; Data sharing; Data linkage,<strong>Local-authority data systems are not integrated and do not support early warnings of homelessness risk</strong><p><b>Type of Data Gap: </b>Data sharing; Standardisation and Harmonisation; Data linkage<br><b>Sources: </b>Unspecified admin data <br><b>Topics: </b>Essential Services & Living Conditions; Geographic Scope; Analysis & Insights</p><br><strong>London-wide rough-sleeping database is not connected to other data systems</strong><p><b>Type of Data Gap: </b>Data sharing; Data linkage<br><b>Sources: </b>CHAIN <br><b>Topics: </b>Essential Services & Living Conditions; Geographic Scope; Analysis & Insights</p>
Poverty in Scotland 2024,JRF,2024,"<button type='button' class='btn btn-quarto' onclick='window.open(""https://www.jrf.org.uk/poverty-in-scotland-2024"", ""_blank"")'>View Report</button>",<button type='button' class='btn' id='r-47'>Related Gaps</button>,FRS / HBAI; FRS / HBAI; DWP admin data; Not stated,Economic Resources & Living Standards; Geographic Scope; Analysis & Insights; Economic Resources & Living Standards; Population Groups; Geographic Scope; Analysis & Insights; Economic Resources & Living Standards; Essential Services & Living Conditions; Population Groups; Geographic Scope; Analysis & Insights; Economic Resources & Living Standards; Essential Services & Living Conditions; Geographic Scope; Analysis & Insights; Economic Resources & Living Standards; Essential Services & Living Conditions; Geographic Scope,Data linkage; Misc; Sufficiency,<strong>FRS underestimates benefits receipt</strong><p><b>Type of Data Gap: </b>Data linkage; Misc<br><b>Sources: </b>FRS / HBAI <br><b>Topics: </b>Economic Resources & Living Standards; Geographic Scope; Analysis & Insights</p><br><strong>HBAI under-captures Scottish Child Payment</strong><p><b>Type of Data Gap: </b>Sufficiency<br><b>Sources: </b>FRS / HBAI <br><b>Topics: </b>Economic Resources & Living Standards; Population Groups; Geographic Scope; Analysis & Insights</p><br><strong>Disability benefits inflate income without accounting costs</strong><p><b>Type of Data Gap: </b>Sufficiency<br><b>Sources: </b>FRS / HBAI <br><b>Topics: </b>Economic Resources & Living Standards; Essential Services & Living Conditions; Population Groups; Geographic Scope; Analysis & Insights</p><br><strong>UC housing element not separately reported</strong><p><b>Type of Data Gap: </b>Sufficiency<br><b>Sources: </b>FRS / HBAI; DWP admin data <br><b>Topics: </b>Economic Resources & Living Standards; Essential Services & Living Conditions; Geographic Scope; Analysis & Insights</p><br><strong>Scottish actual rent data poorly measured</strong><p><b>Type of Data Gap: </b>Sufficiency<br><b>Sources: </b>Not stated <br><b>Topics: </b>Economic Resources & Living Standards; Essential Services & Living Conditions; Geographic Scope</p>
Five takeaways from new living standards data,Resolution Foundation,2024,"<button type='button' class='btn btn-quarto' onclick='window.open(""https://www.resolutionfoundation.org/comment/five-takeaways-from-new-living-standards-data/"", ""_blank"")'>View Report</button>",<button type='button' class='btn' id='r-48'>Related Gaps</button>,FRS / HBAI,Analysis & Insights; Economic Resources & Living Standards; Analysis & Insights,Data linkage; Misc; Timeliness,<strong>The impact of the FRS Transformation project on broader poverty data remains unclear</strong><p><b>Type of Data Gap: </b>Data linkage; Misc<br><b>Sources: </b>FRS / HBAI <br><b>Topics: </b>Analysis & Insights</p><br><strong>HBAI data delayed and noisy</strong><p><b>Type of Data Gap: </b>Timeliness<br><b>Sources: </b>FRS / HBAI <br><b>Topics: </b>Economic Resources & Living Standards; Analysis & Insights</p>
Homelessness and Disability in the UK,Centre for Homelessness Impact,2023,"<button type='button' class='btn btn-quarto' onclick='window.open(""https://assets-global.website-files.com/59f07e67422cdf0001904c14/645a76da097c6dad33fcc423_CHI-disabilities-homelessness23.pdf"", ""_blank"")'>View Report</button>",<button type='button' class='btn' id='r-49'>Related Gaps</button>,Devolved data; Homelessness data,Essential Services & Living Conditions; Population Groups; Analysis & Insights,Sufficiency; Data quality,<strong>Statutory homelessness stats undercount disabled homeless</strong><p><b>Type of Data Gap: </b>Sufficiency; Data quality<br><b>Sources: </b>Devolved data; Homelessness data <br><b>Topics: </b>Essential Services & Living Conditions; Population Groups; Analysis & Insights</p>
The dynamics of very deep poverty in the UK,JRF,2023,"<button type='button' class='btn btn-quarto' onclick='window.open(""https://www.jrf.org.uk/deep-poverty-and-destitution/what-protects-people-from-very-deep-poverty-and-what-makes-it-more"", ""_blank"")'>View Report</button>",<button type='button' class='btn' id='r-50'>Related Gaps</button>,DWP admin data; Understanding Society,Poverty Characteristics; Analysis & Insights; Poverty Characteristics; Population Groups; Analysis & Insights,Data access; Sufficiency,<strong>DWP Income Dynamics omits very deep poverty and its drivers</strong><p><b>Type of Data Gap: </b>Data access<br><b>Sources: </b>DWP admin data <br><b>Topics: </b>Poverty Characteristics; Analysis & Insights</p><br><strong>Long-term data pooling needed for subgroup transitions</strong><p><b>Type of Data Gap: </b>Sufficiency<br><b>Sources: </b>Understanding Society <br><b>Topics: </b>Poverty Characteristics; Population Groups; Analysis & Insights</p>
Tipping the Scales: The social and economic harm of poverty in Scotland,IPPR,2023,"<button type='button' class='btn btn-quarto' onclick='window.open(""https://www.ippr.org/articles/tipping-the-scales"", ""_blank"")'>View Report</button>",<button type='button' class='btn' id='r-51'>Related Gaps</button>,Understanding Society; Devolved data,Economic Resources & Living Standards; Geographic Scope; Analysis & Insights; Geographic Scope; Analysis & Insights,Sufficiency; Wish; Data quality,<strong>Scottish childhood poverty earnings penalty unanalysable</strong><p><b>Type of Data Gap: </b>Sufficiency<br><b>Sources: </b>Understanding Society <br><b>Topics: </b>Economic Resources & Living Standards; Geographic Scope; Analysis & Insights</p><br><strong>Scottish LA homelessness spending opaque</strong><p><b>Type of Data Gap: </b>Wish; Data quality<br><b>Sources: </b>Devolved data <br><b>Topics: </b>Geographic Scope; Analysis & Insights</p>
People of pension age may be missing out on £5.2bn,Policy in Practice,2023,"<button type='button' class='btn btn-quarto' onclick='window.open(""https://policyinpractice.co.uk/wp-content/uploads/2024/10/Unclaimed-Attendance-Allowance_report-by-Policy-in-Practice-for-MSE_Dec23_compressed.pdf"", ""_blank"")'>View Report</button>",<button type='button' class='btn' id='r-52'>Related Gaps</button>,Devolved data,Economic Resources & Living Standards; Essential Services & Living Conditions; Population Groups; Geographic Scope,Standardisation and Harmonisation,<strong>Comparable primary health/social-care statistics aren't available for each UK nation</strong><p><b>Type of Data Gap: </b>Standardisation and Harmonisation<br><b>Sources: </b>Devolved data <br><b>Topics: </b>Economic Resources & Living Standards; Essential Services & Living Conditions; Population Groups; Geographic Scope</p><br><strong>Northern Ireland's health + social care statistics can't be compared with other nations</strong><p><b>Type of Data Gap: </b>Standardisation and Harmonisation<br><b>Sources: </b>Devolved data <br><b>Topics: </b>Economic Resources & Living Standards; Essential Services & Living Conditions; Population Groups; Geographic Scope</p>
The Census and Feminism: How Census 2021 Data Benefits Feminist Analysis and Activism,Women’s Budget Group & Global Institute for Women’s Leadership,2023,"<button type='button' class='btn btn-quarto' onclick='window.open(""https://wbg.org.uk/wp-content/uploads/2023/08/The-Census-and-Feminism-report-August-2023.pdf#page=19.08"", ""_blank"")'>View Report</button>",<button type='button' class='btn' id='r-53'>Related Gaps</button>,Census data,Economic Resources & Living Standards; Population Groups; Analysis & Insights; Geographic Scope; Analysis & Insights; Population Groups; Geographic Scope,Sufficiency; Data access,<strong>Census 2021 omits crucial information on gendered economic inequality</strong><p><b>Type of Data Gap: </b>Sufficiency<br><b>Sources: </b>Census data <br><b>Topics: </b>Economic Resources & Living Standards; Population Groups; Analysis & Insights</p><br><strong>Intersectional analysis of Census data is limited at local level</strong><p><b>Type of Data Gap: </b>Data access<br><b>Sources: </b>Census data <br><b>Topics: </b>Geographic Scope; Analysis & Insights</p><br><strong>Accessibility of Census data tools could be improved for non-technical data users</strong><p><b>Type of Data Gap: </b>Data access<br><b>Sources: </b>Census data <br><b>Topics: </b>Population Groups; Geographic Scope</p>
Two Nations: The State of Poverty in the UK,Centre for Social Justice,2023,"<button type='button' class='btn btn-quarto' onclick='window.open(""https://www.centreforsocialjustice.org.uk/wp-content/uploads/2023/12/CSJ-Two_Nations.pdf"", ""_blank"")'>View Report</button>",<button type='button' class='btn' id='r-54'>Related Gaps</button>,DLUHC admin data; Homelessness data; Unspecified admin data; Devolved data,Essential Services & Living Conditions; Analysis & Insights,Wish,<strong>We lack good time series data on rough sleeping trends</strong><p><b>Type of Data Gap: </b>Wish<br><b>Sources: </b>DLUHC admin data; Homelessness data <br><b>Topics: </b>Essential Services & Living Conditions; Analysis & Insights</p><br><strong>Scale of 'hidden homelessness' is unknown</strong><p><b>Type of Data Gap: </b>Wish<br><b>Sources: </b>Unspecified admin data; Devolved data <br><b>Topics: </b>Essential Services & Living Conditions; Analysis & Insights</p>
Costly differences: Living standards for working-age people with disabilities,Resolution Foundation,2023,"<button type='button' class='btn btn-quarto' onclick='window.open(""https://www.resolutionfoundation.org/publications/costly-differences/"", ""_blank"")'>View Report</button>",<button type='button' class='btn' id='r-55'>Related Gaps</button>,Other,Economic Resources & Living Standards; Population Groups,Sufficiency,<strong>Disability cost estimates uncertain</strong><p><b>Type of Data Gap: </b>Sufficiency<br><b>Sources: </b>Other <br><b>Topics: </b>Economic Resources & Living Standards; Population Groups</p>
"Going backwards? The slowdown, stalling and reversal of progress in reducing child poverty in Britain during the second decade of the 21st century",LSE CASE – Vizard et al.,2023,"<button type='button' class='btn btn-quarto' onclick='window.open(""https://sticerd.lse.ac.uk/dps/case/spdo/spdorp14.pdf"", ""_blank"")'>View Report</button>",<button type='button' class='btn' id='r-56'>Related Gaps</button>,FRS / HBAI,Economic Resources & Living Standards; Poverty Characteristics; Analysis & Insights; Economic Resources & Living Standards; Essential Services & Living Conditions; Population Groups; Analysis & Insights; Poverty Characteristics; Analysis & Insights; Population Groups; Analysis & Insights,Data linkage; Misc; Sufficiency,<strong>FRS/HBAI under-report income extremes</strong><p><b>Type of Data Gap: </b>Data linkage; Misc<br><b>Sources: </b>FRS / HBAI <br><b>Topics: </b>Economic Resources & Living Standards; Poverty Characteristics; Analysis & Insights</p><br><strong>FRS/HBAI do not reflect real disability and childcare costs</strong><p><b>Type of Data Gap: </b>Sufficiency<br><b>Sources: </b>FRS / HBAI <br><b>Topics: </b>Economic Resources & Living Standards; Essential Services & Living Conditions; Population Groups; Analysis & Insights</p><br><strong>FRS material deprivation index is outdated [NB: see contextual update in details]</strong><p><b>Type of Data Gap: </b>Sufficiency<br><b>Sources: </b>FRS / HBAI <br><b>Topics: </b>Poverty Characteristics; Analysis & Insights</p><br><strong>Low FRS/HBAI sample sizes limit subgroup poverty analysis</strong><p><b>Type of Data Gap: </b>Sufficiency<br><b>Sources: </b>FRS / HBAI <br><b>Topics: </b>Population Groups; Analysis & Insights</p>
Evaluation of Local Welfare Assistance: Final framework and research findings,Policy in Practice,2023,"<button type='button' class='btn btn-quarto' onclick='window.open(""https://policyinpractice.co.uk/publication/evaluation-of-local-welfare-assistance-programmes/"", ""_blank"")'>View Report</button>",<button type='button' class='btn' id='r-57'>Related Gaps</button>,Devolved data,Economic Resources & Living Standards; Geographic Scope; Analysis & Insights; Geographic Scope; Analysis & Insights,Standardisation and Harmonisation; Data quality; Data linkage; Standardisation and Harmonisation; Misc,<strong>No shared LWA evaluation approach across councils</strong><p><b>Type of Data Gap: </b>Standardisation and Harmonisation<br><b>Sources: </b>Devolved data <br><b>Topics: </b>Economic Resources & Living Standards; Geographic Scope; Analysis & Insights</p><br><strong>LWA datasets lack cross-council matching identifiers</strong><p><b>Type of Data Gap: </b>Data quality; Data linkage<br><b>Sources: </b>Devolved data <br><b>Topics: </b>Economic Resources & Living Standards; Geographic Scope; Analysis & Insights</p><br><strong>Vendor systems constrain LWA data capture</strong><p><b>Type of Data Gap: </b>Standardisation and Harmonisation; Misc<br><b>Sources: </b>Devolved data <br><b>Topics: </b>Geographic Scope; Analysis & Insights</p><br><strong>Multiple specific LWA data issues</strong><p><b>Type of Data Gap: </b>Standardisation and Harmonisation; Misc<br><b>Sources: </b>Devolved data <br><b>Topics: </b>Geographic Scope; Analysis & Insights</p>
The poverty premium in 2022,University of Bristol Personal Finance Research Centre,2023,"<button type='button' class='btn btn-quarto' onclick='window.open(""https://www.bristol.ac.uk/geography/research/pfrc/themes/financial-exclusion-poverty/poverty-premium-2022/"", ""_blank"")'>View Report</button>",<button type='button' class='btn' id='r-58'>Related Gaps</button>,Non-existent,Economic Resources & Living Standards; Geographic Scope; Analysis & Insights,Wish; Wish; Data access,<strong>National poverty premium measure doesn't exist</strong><p><b>Type of Data Gap: </b>Wish<br><b>Sources: </b>Non-existent <br><b>Topics: </b>Economic Resources & Living Standards; Geographic Scope; Analysis & Insights</p><br><strong>Price data inaccessible for poverty premium analysis</strong><p><b>Type of Data Gap: </b>Wish; Data access<br><b>Sources: </b>Non-existent <br><b>Topics: </b>Economic Resources & Living Standards; Geographic Scope; Analysis & Insights</p>
Inequalities amplified – The alarming rise of child poverty in the UK,"Child Poverty Action Group (CPAG), Women's Budget Group, and Runnymede Trust",2023,"<button type='button' class='btn btn-quarto' onclick='window.open(""https://cpag.org.uk/sites/default/files/2023-12/Inequalities_amplified.pdf"", ""_blank"")'>View Report</button>",<button type='button' class='btn' id='r-59'>Related Gaps</button>,FRS / HBAI,Economic Resources & Living Standards; Population Groups; Analysis & Insights,Sufficiency,<strong>HBAI samples too small for insights into ethnic sub-groups</strong><p><b>Type of Data Gap: </b>Sufficiency<br><b>Sources: </b>FRS / HBAI <br><b>Topics: </b>Economic Resources & Living Standards; Population Groups; Analysis & Insights</p>
"Warm Homes, Cool Planet",New Economics Foundation,2022,"<button type='button' class='btn btn-quarto' onclick='window.open(""https://neweconomics.org/2022/09/warm-homes-cool-planet"", ""_blank"")'>View Report</button>",<button type='button' class='btn' id='r-60'>Related Gaps</button>,Unspecified admin data; DWP admin data,Economic Resources & Living Standards; Essential Services & Living Conditions; Analysis & Insights; Economic Resources & Living Standards; Analysis & Insights,Wish; Misc,"<strong>Current data infrastructure does not support rapid, universal cash payments</strong><p><b>Type of Data Gap: </b>Wish; Misc<br><b>Sources: </b>Unspecified admin data <br><b>Topics: </b>Economic Resources & Living Standards; Essential Services & Living Conditions; Analysis & Insights</p><br><strong>Comprehensive data on whether individuals are eligible to claim UC are not available</strong><p><b>Type of Data Gap: </b>Wish; Misc<br><b>Sources: </b>DWP admin data <br><b>Topics: </b>Economic Resources & Living Standards; Analysis & Insights</p>"
Insights into the use of modular housing in addressing homelessness,Centre for Homelessness Impact,2022,"<button type='button' class='btn btn-quarto' onclick='window.open(""https://cdn.prod.website-files.com/59f07e67422cdf0001904c14/6267c9a0ddf4a9015075a4cb_CHI.Modular.housing.V8.pdf"", ""_blank"")'>View Report</button>",<button type='button' class='btn' id='r-61'>Related Gaps</button>,Other; Non-existent,Essential Services & Living Conditions; Analysis & Insights,Data quality; Wish; Wish,<strong>Detailed data on modular housing schemes is unavailable</strong><p><b>Type of Data Gap: </b>Data quality; Wish<br><b>Sources: </b>Other <br><b>Topics: </b>Essential Services & Living Conditions; Analysis & Insights</p><br><strong>Modular housing outcome data missing</strong><p><b>Type of Data Gap: </b>Wish<br><b>Sources: </b>Non-existent <br><b>Topics: </b>Essential Services & Living Conditions; Analysis & Insights</p>
The National Living Income: Guaranteeing a Decent Minimum Income for All,New Economics Foundation,2022,"<button type='button' class='btn btn-quarto' onclick='window.open(""https://neweconomics.org/2022/12/the-national-living-income"", ""_blank"")'>View Report</button>",<button type='button' class='btn' id='r-62'>Related Gaps</button>,FRS / HBAI; Minimum Income Standards,Economic Resources & Living Standards; Poverty Characteristics; Analysis & Insights; Economic Resources & Living Standards; Essential Services & Living Conditions; Population Groups; Analysis & Insights,Data linkage; Misc; Sufficiency,<strong>Poorest 5% excluded from FRS distributional analysis</strong><p><b>Type of Data Gap: </b>Data linkage; Misc<br><b>Sources: </b>FRS / HBAI <br><b>Topics: </b>Economic Resources & Living Standards; Poverty Characteristics; Analysis & Insights</p><br><strong>MIS overlooks disability extra costs</strong><p><b>Type of Data Gap: </b>Sufficiency<br><b>Sources: </b>Minimum Income Standards <br><b>Topics: </b>Economic Resources & Living Standards; Essential Services & Living Conditions; Population Groups; Analysis & Insights</p>
The Living Standards Audit 2022,Resolution Foundation,2022,"<button type='button' class='btn btn-quarto' onclick='window.open(""https://www.resolutionfoundation.org/publications/the-living-standards-audit-2022/"", ""_blank"")'>View Report</button>",<button type='button' class='btn' id='r-63'>Related Gaps</button>,FRS / HBAI,Economic Resources & Living Standards; Geographic Scope; Analysis & Insights; Economic Resources & Living Standards; Poverty Characteristics; Analysis & Insights; Economic Resources & Living Standards; Analysis & Insights,Data linkage; Misc; Sufficiency,"<strong>HBAI misses £40bn benefits, skewing poverty metrics</strong><p><b>Type of Data Gap: </b>Data linkage; Misc<br><b>Sources: </b>FRS / HBAI <br><b>Topics: </b>Economic Resources & Living Standards; Geographic Scope; Analysis & Insights</p><br><strong>Bottom 5% excluded from analysis, data unreliable</strong><p><b>Type of Data Gap: </b>Data linkage; Misc<br><b>Sources: </b>FRS / HBAI <br><b>Topics: </b>Economic Resources & Living Standards; Poverty Characteristics; Analysis & Insights</p><br><strong>Irregular income sources excluded from household income</strong><p><b>Type of Data Gap: </b>Sufficiency<br><b>Sources: </b>FRS / HBAI <br><b>Topics: </b>Economic Resources & Living Standards; Analysis & Insights</p>"
Mapping the poverty premium in Britain,University of Bristol Personal Finance Research Centre,2022,"<button type='button' class='btn btn-quarto' onclick='window.open(""https://www.bristol.ac.uk/geography/research/pfrc/themes/financial-exclusion-poverty/local-poverty-premium/"", ""_blank"")'>View Report</button>",<button type='button' class='btn' id='r-64'>Related Gaps</button>,Census data; Non-existent,Economic Resources & Living Standards; Analysis & Insights,Timeliness; Wish; Data access,<strong>Data on poverty premiums by goods and areas are outdated</strong><p><b>Type of Data Gap: </b>Timeliness<br><b>Sources: </b>Census data <br><b>Topics: </b>Economic Resources & Living Standards; Analysis & Insights</p><br><strong>Pricing data unavailable at multiple geographic scales</strong><p><b>Type of Data Gap: </b>Wish; Data access<br><b>Sources: </b>Non-existent <br><b>Topics: </b>Economic Resources & Living Standards; Analysis & Insights</p>
Could Universities Do More to End Homelessness?,Centre for Homelessness Impact,2022,"<button type='button' class='btn btn-quarto' onclick='window.open(""https://cdn.prod.website-files.com/59f07e67422cdf0001904c14/62f664761068fd22e8697afe_CHI_UNIVERSITIES_POLICY_PAPER_V04.pdf"", ""_blank"")'>View Report</button>",<button type='button' class='btn' id='r-65'>Related Gaps</button>,National Student Survey,Essential Services & Living Conditions; Population Groups; Analysis & Insights,Wish,<strong>Student homelessness rates unknown</strong><p><b>Type of Data Gap: </b>Wish<br><b>Sources: </b>National Student Survey <br><b>Topics: </b>Essential Services & Living Conditions; Population Groups; Analysis & Insights</p>
"Living arrangements, intra-household inequality and children’s deprivation: Evidence from EU-SILC",LSE CASE - (Burchardt & Karagiannaki),2022,"<button type='button' class='btn btn-quarto' onclick='window.open(""http://sticerd.lse.ac.uk/dps/case/cp/casepaper227.pdf"", ""_blank"")'>View Report</button>",<button type='button' class='btn' id='r-66'>Related Gaps</button>,EU-SILC,Poverty Characteristics; Population Groups; Analysis & Insights; Population Groups; Analysis & Insights,Sufficiency; Timeliness; Data quality,<strong>Yearly EU-SILC material deprivation measure is at household level only</strong><p><b>Type of Data Gap: </b>Sufficiency; Timeliness<br><b>Sources: </b>EU-SILC <br><b>Topics: </b>Poverty Characteristics; Population Groups; Analysis & Insights</p><br><strong>EU-SILC child deprivation relies on adult proxies</strong><p><b>Type of Data Gap: </b>Data quality<br><b>Sources: </b>EU-SILC <br><b>Topics: </b>Population Groups; Analysis & Insights</p>
"What Works: Research Impact and Homelessness – Houses, Not Homelessness",Centre for Homelessness Impact,2022,"<button type='button' class='btn btn-quarto' onclick='window.open(""https://cdn.prod.website-files.com/59f07e67422cdf0001904c14/625ea3b187f0566d7b9cb60b_CHI.EJOH-Administrative-data-linkage.pdf"", ""_blank"")'>View Report</button>",<button type='button' class='btn' id='r-67'>Related Gaps</button>,Unspecified admin data,Essential Services & Living Conditions,Data quality; Data linkage,<strong>Housing datasets lack linkage identifiers</strong><p><b>Type of Data Gap: </b>Data quality; Data linkage<br><b>Sources: </b>Unspecified admin data <br><b>Topics: </b>Essential Services & Living Conditions</p>
Arrears fears: The distribution of UK household wealth and the impact on families,Resolution Foundation,2022,"<button type='button' class='btn btn-quarto' onclick='window.open(""https://www.resolutionfoundation.org/publications/arrears-fears/"", ""_blank"")'>View Report</button>",<button type='button' class='btn' id='r-68'>Related Gaps</button>,Wealth and Assets Survey,Economic Resources & Living Standards,Timeliness,<strong>Wealth and Assets Survey publication lags</strong><p><b>Type of Data Gap: </b>Timeliness<br><b>Sources: </b>Wealth and Assets Survey <br><b>Topics: </b>Economic Resources & Living Standards</p>
"No such thing as a free lunch? Exploring the consistency, validity, and uses of the Free School Meals measure in the National Pupil Database",LSE CASE -  Campbell & Obolenskaya,2021,"<button type='button' class='btn btn-quarto' onclick='window.open(""https://sticerd.lse.ac.uk/dps/case/cp/casepaper225.pdf"", ""_blank"")'>View Report</button>",<button type='button' class='btn' id='r-69'>Related Gaps</button>,National Pupil Database,Population Groups; Analysis & Insights,Standardisation and Harmonisation,<strong>FSM eligibility data inconsistent over time</strong><p><b>Type of Data Gap: </b>Standardisation and Harmonisation<br><b>Sources: </b>National Pupil Database <br><b>Topics: </b>Population Groups; Analysis & Insights</p>
No longer ‘managing’: The rise of working poverty and fixing Britain’s broken social settlement,IPPR,2021,"<button type='button' class='btn btn-quarto' onclick='window.open(""https://ippr-org.files.svdcdn.com/production/Downloads/no-longer-managing-may21.pdf"", ""_blank"")'>View Report</button>",<button type='button' class='btn' id='r-70'>Related Gaps</button>,FRS / HBAI,Economic Resources & Living Standards; Essential Services & Living Conditions; Population Groups; Analysis & Insights,Sufficiency,<strong>Official poverty metrics ignore childcare costs</strong><p><b>Type of Data Gap: </b>Sufficiency<br><b>Sources: </b>FRS / HBAI <br><b>Topics: </b>Economic Resources & Living Standards; Essential Services & Living Conditions; Population Groups; Analysis & Insights</p>
The Inequality of Poverty,University of Bristol Personal Finance Research Centre,2021,"<button type='button' class='btn btn-quarto' onclick='window.open(""https://www.bristol.ac.uk/media-library/sites/geography/pfrc/The-Inequality-of-Poverty-Full-Report.pdf"", ""_blank"")'>View Report</button>",<button type='button' class='btn' id='r-71'>Related Gaps</button>,FRS / HBAI; Not stated; Other,Economic Resources & Living Standards; Essential Services & Living Conditions; Population Groups; Analysis & Insights; Population Groups; Analysis & Insights; Economic Resources & Living Standards; Poverty Characteristics; Analysis & Insights,Sufficiency; Misc; Wish,"<strong>Disability benefits counted as income, costs ignored</strong><p><b>Type of Data Gap: </b>Sufficiency<br><b>Sources: </b>FRS / HBAI <br><b>Topics: </b>Economic Resources & Living Standards; Essential Services & Living Conditions; Population Groups; Analysis & Insights</p><br><strong>Poverty data missing for specific protected groups</strong><p><b>Type of Data Gap: </b>Sufficiency<br><b>Sources: </b>FRS / HBAI <br><b>Topics: </b>Population Groups; Analysis & Insights</p><br><strong>Regulator impact on protected groups poorly understood</strong><p><b>Type of Data Gap: </b>Misc<br><b>Sources: </b>Not stated <br><b>Topics: </b>Population Groups; Analysis & Insights</p><br><strong>Uninsurance data missing, distorting poverty premium</strong><p><b>Type of Data Gap: </b>Wish<br><b>Sources: </b>Other <br><b>Topics: </b>Economic Resources & Living Standards; Poverty Characteristics; Analysis & Insights</p>"
"A time of need: Exploring the changing
poverty risk facing larger families in
the UK",LSE CASE - Stewart et al.,2021,"<button type='button' class='btn btn-quarto' onclick='window.open(""https://sticerd.lse.ac.uk/dps/case/cp/casepaper224.pdf"", ""_blank"")'>View Report</button>",<button type='button' class='btn' id='r-72'>Related Gaps</button>,FRS / HBAI,Essential Services & Living Conditions; Population Groups; Analysis & Insights; Population Groups; Analysis & Insights,Standardisation and Harmonisation; Sufficiency,"<strong>FRS education categories changed due to an error that had been identified with previous versions of the relevant question, breaking time series</strong><p><b>Type of Data Gap: </b>Standardisation and Harmonisation<br><b>Sources: </b>FRS / HBAI <br><b>Topics: </b>Essential Services & Living Conditions; Population Groups; Analysis & Insights</p><br><strong>FRS lacks religion data and ethnicity samples are small</strong><p><b>Type of Data Gap: </b>Sufficiency<br><b>Sources: </b>FRS / HBAI <br><b>Topics: </b>Population Groups; Analysis & Insights</p>"
Early Years Commission: A Cross-Party Manifesto,"Centre for Social Justice, Fabian Society",2021,"<button type='button' class='btn btn-quarto' onclick='window.open(""https://www.centreforsocialjustice.org.uk/wp-content/uploads/2021/07/CSJJ8647-Early-Years-Commission-report-210706.pdf"", ""_blank"")'>View Report</button>",<button type='button' class='btn' id='r-73'>Related Gaps</button>,Devolved data,Essential Services & Living Conditions; Population Groups; Geographic Scope; Analysis & Insights; Essential Services & Living Conditions; Population Groups; Analysis & Insights,Data quality; Misc; Data sharing,<strong>LAs can't identify children missing health visits</strong><p><b>Type of Data Gap: </b>Data quality; Misc<br><b>Sources: </b>Devolved data <br><b>Topics: </b>Essential Services & Living Conditions; Population Groups; Geographic Scope; Analysis & Insights</p><br><strong>Poor data sharing keeps services siloed</strong><p><b>Type of Data Gap: </b>Data sharing<br><b>Sources: </b>Devolved data <br><b>Topics: </b>Essential Services & Living Conditions; Population Groups; Analysis & Insights</p>
The financial impact of the pandemic,University of Bristol Personal Finance Research Centre,2021,"<button type='button' class='btn btn-quarto' onclick='window.open(""https://www.abi.org.uk/globalassets/files/appg/the-financial-impact-of-the-pandemic_report.pdf"", ""_blank"")'>View Report</button>",<button type='button' class='btn' id='r-74'>Related Gaps</button>,DWP admin data,Economic Resources & Living Standards; Population Groups; Analysis & Insights,Sufficiency,<strong>UC admin data lack intersectional demographic detail</strong><p><b>Type of Data Gap: </b>Sufficiency<br><b>Sources: </b>DWP admin data <br><b>Topics: </b>Economic Resources & Living Standards; Population Groups; Analysis & Insights</p>
Housing for people on low incomes – how do we make the best use of government subsidies in England?,Centre for Homelessness Impact,2021,"<button type='button' class='btn btn-quarto' onclick='window.open(""https://cdn.prod.website-files.com/59f07e67422cdf0001904c14/616952c88499426e7d779606_Centre%20for%20Homelessness%20Impact%20and%20Chartered%20Institute%20of%20Housing%20Policy%20paper.pdf#page=3.13"", ""_blank"")'>View Report</button>",<button type='button' class='btn' id='r-75'>Related Gaps</button>,DWP admin data,Economic Resources & Living Standards; Essential Services & Living Conditions; Economic Resources & Living Standards; Analysis & Insights,Sufficiency; Data access; Sufficiency,<strong>Temporary accommodation cases invisible in Stat-Xplore Housing Benefits data</strong><p><b>Type of Data Gap: </b>Sufficiency<br><b>Sources: </b>DWP admin data <br><b>Topics: </b>Economic Resources & Living Standards; Essential Services & Living Conditions</p><br><strong>UC claims data on Stat-Xplore limited and outdated</strong><p><b>Type of Data Gap: </b>Data access; Sufficiency<br><b>Sources: </b>DWP admin data <br><b>Topics: </b>Economic Resources & Living Standards; Analysis & Insights</p>
The Poverty Premium: A Customer Perspective,University of Bristol Personal Finance Research Centre,2020,"<button type='button' class='btn btn-quarto' onclick='window.open(""https://www.bristol.ac.uk/media-library/sites/geography/pfrc/The-poverty-premium-A-Customer-Perspective-Report.pdf"", ""_blank"")'>View Report</button>",<button type='button' class='btn' id='r-76'>Related Gaps</button>,Unspecified admin data,Economic Resources & Living Standards; Essential Services & Living Conditions; Analysis & Insights,Data sharing,<strong>Data-sharing restrictions limit benefit receipt</strong><p><b>Type of Data Gap: </b>Data sharing<br><b>Sources: </b>Unspecified admin data <br><b>Topics: </b>Economic Resources & Living Standards; Essential Services & Living Conditions; Analysis & Insights</p>
Painting the towns blue,Resolution Foundation,2020,"<button type='button' class='btn btn-quarto' onclick='window.open(""https://www.resolutionfoundation.org/publications/painting-the-towns-blue/"", ""_blank"")'>View Report</button>",<button type='button' class='btn' id='r-77'>Related Gaps</button>,Indices of Multiple Deprivation; Not stated,Geographic Scope; Analysis & Insights; Geographic Scope,Standardisation and Harmonisation; Sufficiency,"<strong>Welsh constituencies excluded, lack comparable deprivation data</strong><p><b>Type of Data Gap: </b>Standardisation and Harmonisation<br><b>Sources: </b>Indices of Multiple Deprivation <br><b>Topics: </b>Geographic Scope; Analysis & Insights</p><br><strong>Constituency-level statistics require approximation methods</strong><p><b>Type of Data Gap: </b>Sufficiency<br><b>Sources: </b>Not stated <br><b>Topics: </b>Geographic Scope</p>"
Access to essential services for low‑income people – United Kingdom,European Social Policy Network,2020,"<button type='button' class='btn btn-quarto' onclick='window.open(""https://www.bristol.ac.uk/media-library/sites/geography/pfrc/ESPN_UK_access_essential_services.pdf"", ""_blank"")'>View Report</button>",<button type='button' class='btn' id='r-78'>Related Gaps</button>,Non-existent,Essential Services & Living Conditions; Geographic Scope; Analysis & Insights,Standardisation and Harmonisation,<strong>No national definition for essential services access</strong><p><b>Type of Data Gap: </b>Standardisation and Harmonisation<br><b>Sources: </b>Non-existent <br><b>Topics: </b>Essential Services & Living Conditions; Geographic Scope; Analysis & Insights</p>
Employment and Homelessness in the Context of the New Economy following Covid-19,Centre for Homelessness Impact,2020,"<button type='button' class='btn btn-quarto' onclick='window.open(""https://uploads-ssl.webflow.com/59f07e67422cdf0001904c14/5f69bb4cc2178efbae6ad003_CHI%20Employment%20policy%20paper.pdf"", ""_blank"")'>View Report</button>",<button type='button' class='btn' id='r-79'>Related Gaps</button>,Non-existent,Economic Resources & Living Standards; Essential Services & Living Conditions; Analysis & Insights,Standardisation and Harmonisation,<strong>Employment data for homeless only in England</strong><p><b>Type of Data Gap: </b>Standardisation and Harmonisation<br><b>Sources: </b>Non-existent <br><b>Topics: </b>Economic Resources & Living Standards; Essential Services & Living Conditions; Analysis & Insights</p>
Poverty and Multiple Sclerosis: A Rapid Evidence Assessment,Social Research & Statistics,2020,"<button type='button' class='btn btn-quarto' onclick='window.open(""https://www.bristol.ac.uk/media-library/sites/geography/pfrc/Poverty%20and%20MS.pdf"", ""_blank"")'>View Report</button>",<button type='button' class='btn' id='r-80'>Related Gaps</button>,FRS / HBAI,Economic Resources & Living Standards; Essential Services & Living Conditions; Population Groups; Analysis & Insights,Wish; Data quality,<strong>Disability data lacks condition-specific detail</strong><p><b>Type of Data Gap: </b>Wish; Data quality<br><b>Sources: </b>FRS / HBAI <br><b>Topics: </b>Economic Resources & Living Standards; Essential Services & Living Conditions; Population Groups; Analysis & Insights</p>
Child poverty and devolution in North East England,IPPR,2020,"<button type='button' class='btn btn-quarto' onclick='window.open(""https://www.ippr.org/articles/child-poverty-and-devolution"", ""_blank"")'>View Report</button>",<button type='button' class='btn' id='r-81'>Related Gaps</button>,FRS / HBAI; Other,Population Groups; Geographic Scope; Analysis & Insights; Misc,Data access; Wish; Sufficiency,<strong>Regional ethnic child poverty data unpublished</strong><p><b>Type of Data Gap: </b>Data access<br><b>Sources: </b>FRS / HBAI <br><b>Topics: </b>Population Groups; Geographic Scope; Analysis & Insights</p><br><strong>SMC poverty measure impractical to apply sub-nationally</strong><p><b>Type of Data Gap: </b>Wish; Sufficiency<br><b>Sources: </b>Other <br><b>Topics: </b>Misc</p>
